Year,DOY,Reference Name
01/04/0812,01/04/2000,NIHON-KOKI
15/04/0815,14/04/2000,NIHON-KOKI
06/04/0831,05/04/2000,NIHON-KOKI
18/04/0851,17/04/2000,MONTOKUTENNO-JITSUROKU
14/04/0853,13/04/2000,MONTOKUTENNO-JITSUROKU
09/04/0864,09/04/2000,NIPPON-SANDAI-JITSUROKU
16/04/0866,15/04/2000,NIPPON-SANDAI-JITSUROKU
05/04/0869,04/04/2000,KANKE-BUNSOU
14/04/0889,13/04/2000,NIPPON-SANDAI-JITSUROKU
19/04/0891,18/04/2000,NIHONKIRYAKU
17/04/0892,17/04/2000,FUSHIMIIN-GOKIROKKU
16/04/0894,15/04/2000,KANKE-BUNSOU
14/04/0895,13/04/2000,NIHONKIRYAKU
13/04/0896,13/04/2000,NIPPON-SANDAI-JITSUROKU
12/04/0902,11/04/2000,EST-from-WF(NIHONGI-RYAKU)
07/04/0908,07/04/2000,EST-from-WF(KIMITADA-SHU)
04/04/0912,04/04/2000,SHINGISHIKI
20/04/0913,19/04/2000,SHUI-WAKASHU
05/04/0917,04/04/2000,KINHISHO
14/04/0923,13/04/2000,ZOKU-KOKIN-WAKASHU
08/04/0926,07/04/2000,NIHONKIRYAKU
07/04/0930,06/04/2000,EST-from-WF(SHIRYO-SORAN)
16/04/0933,15/04/2000,EST-from-WF(SHIRYO-SORAN)
19/04/0941,18/04/2000,NIHONKIRYAKU
17/04/0949,16/04/2000,NIHONKIRYAKU
05/04/0950,04/04/2000,DAINIHON-SHIRYO
30/03/0955,29/03/2000,SHUISHO
22/04/0957,21/04/2000,NIHONKIRYAKU
19/04/0958,18/04/2000,NIHONKIRYAKU
07/04/0959,06/04/2000,KYUREKI
10/04/0960,10/04/2000,KYUREKI
28/03/0961,27/03/2000,NIHONKIRYAKU
04/04/0963,03/04/2000,NIHONKIRYAKU
14/04/0965,13/04/2000,NIHONKIRYAKU
08/04/0966,07/04/2000,NIHONKIRYAKU
13/04/0967,12/04/2000,NIHONKIRYAKU
08/04/0969,07/04/2000,NIHONKIRYAKU
16/04/0972,16/04/2000,EST-from-WF(SHIRYO-SORAN)
18/04/0974,17/04/2000,NIHONKIRYAKU
11/04/0975,10/04/2000,NIHONKIRYAKU
22/04/0977,21/04/2000,FUSO-RYAKKI
14/04/0979,13/04/2000,DAINIHON-SHIRYO
04/04/0985,03/04/2000,SHOYUKI
10/04/0989,09/04/2000,SHOYUKI
14/04/0991,13/04/2000,EIGA-MONOGATARI(MIHATENUYUME)
15/04/1000,14/04/2000,MIDO-KAMPAKUKI
26/04/1004,26/04/2000,MIDO-KAMPAKUKI
10/04/1006,09/04/2000,NIHONKIRYAKU
16/04/1007,15/04/2000,MIDO-KAMPAKUKI
25/04/1014,24/04/2000,DAI-SAIIN-GYOSHU
20/04/1016,20/04/2000,MIDO-KAMPAKUKI
09/04/1017,08/04/2000,MIDO-KAMPAKUKI
23/04/1018,22/04/2000,MIDO-KAMPAKUKI
08/04/1019,07/04/2000,SHOYUKI
26/04/1029,25/04/2000,REKIDAI-HENNEN-SHUSEI
07/04/1031,06/04/2000,SHOYUKI
20/04/1032,20/04/2000,NIHONKIRYAKU
12/04/1033,11/04/2000,NIHONKIRYAKU
06/04/1034,05/04/2000,EST-from-WF(EIGA-MONOGATARI)
13/04/1036,13/04/2000,NIHONKIRYAKU
13/04/1041,12/04/2000,FUSO-RYAKKI
13/04/1046,12/04/2000,EIGA-MONOGATARI(NEAWASE)
21/04/1048,21/04/2000,IETSUNE-ASON-SHU
15/04/1050,14/04/2000,EIGA-MONOGATARI(NEAWASE)
17/04/1060,17/04/2000,SHIN-SENZAI-WAKASHU
02/04/1061,01/04/2000,MOROZANE-SHU
15/04/1066,14/04/2000,SUISAKI
23/04/1071,22/04/2000,SHUGAKKAIKI
13/04/1073,12/04/2000,EIGA-MONOGATARI(MATSUNO-SHIDUE)
11/04/1080,11/04/2000,SUISAKI
06/04/1083,05/04/2000,GONIJO-MOROMICHIKI
29/04/1084,29/04/2000,ZOKU-GOSEN-WAKASHU
13/04/1088,13/04/2000,GONIJO-MOROMICHIKI
15/04/1090,14/04/2000,GONIJO-MOROMICHIKI
15/04/1093,14/04/2000,GONIJO-MOROMICHIKI
10/04/1095,09/04/2000,CHUYUKI
05/04/1096,05/04/2000,GONIJO-MOROMICHIKI
10/04/1098,09/04/2000,CHUYUKI
13/04/1099,12/04/2000,GONIJO-MOROMICHIKI
14/04/1102,13/04/2000,CHUYUKI
17/04/1104,17/04/2000,DENRYAKU
24/04/1105,23/04/2000,CHUYUKI
15/04/1107,14/04/2000,CHUYUKI
23/04/1111,22/04/2000,EISHOKI
13/04/1112,13/04/2000,CHUYUKI
10/04/1114,09/04/2000,DENRYAKU
19/04/1117,18/04/2000,DENRYAKU
12/04/1118,11/04/2000,MISSHU-KETSUMYAKUSHO
13/04/1120,13/04/2000,DAIGO-ZOJIKI
22/04/1123,21/04/2000,DAIGO-ZOJIKI
07/04/1124,07/04/2000,DAIGO-ZOJIKI
21/04/1125,20/04/2000,DAIGOJI-ZATSUYO
18/04/1126,17/04/2000,DAIGOJI-ZATSUYO
17/04/1127,16/04/2000,DAIGO-ZOJIKI
20/04/1128,20/04/2000,DAIGO-ZOJIKI
16/04/1129,15/04/2000,DAIGO-ZOJIKI
13/04/1130,12/04/2000,DAIGO-ZOJIKI
13/04/1131,12/04/2000,DAIGOJI-ZATSUYO
16/04/1134,15/04/2000,DAIGOJI-ZATSUYO
23/04/1139,22/04/2000,DAIGOJI-ZATSUYO
12/04/1140,12/04/2000,DAIGO-ZOJIKI
21/04/1141,20/04/2000,DAIGOJI-ZATSUYO
20/04/1143,19/04/2000,DAIGOJI-ZATSUYO
17/04/1145,16/04/2000,TAIKI
19/04/1151,18/04/2000,EST-from-WF(HONCHO-SEIKI)
06/04/1154,05/04/2000,TAIKI
30/03/1156,30/03/2000,
13/04/1159,12/04/2000,DAIGOJI-ZATSUYO
22/04/1161,21/04/2000,DAIGOJI-ZATSUYO
22/04/1163,21/04/2000,DAIGOJI-ZATSUYO
09/04/1164,09/04/2000,DAIGOJI-ZATSUYO
16/04/1165,15/04/2000,DAIGOJI-ZATSUYO
05/04/1166,04/04/2000,DAIGOJI-ZATSUYO
21/04/1167,20/04/2000,DAIGOJI-ZATSUYO
22/04/1169,21/04/2000,DAIGOJI-ZATSUYO
23/04/1170,22/04/2000,DAIGOJI-ZATSUYO
12/04/1172,12/04/2000,DAIGOJI-ZATSUYO
27/04/1173,26/04/2000,DAIGOJI-ZATSUYO
22/04/1174,21/04/2000,DAIGOJI-ZATSUYO
23/04/1175,22/04/2000,DAIGOJI-ZATSUYO
22/04/1176,22/04/2000,TAKAKURAIN-ANGEN-ONGAKI
13/04/1179,12/04/2000,SANKAIKI
07/04/1180,07/04/2000,MEIGETSUKI
14/04/1182,13/04/2000,TSUKIMOUDE-WAKASHU(PART-3)
11/04/1183,10/04/2000,DAIGOJI-ZATSUYO
24/04/1184,24/04/2000,GYOKUYO
25/04/1185,24/04/2000,DAIGO-ZOJIKI
14/04/1187,13/04/2000,SAKURAE-RUIJU
16/04/1188,16/04/2000,SAKURAE-RUIJU
22/04/1190,21/04/2000,SHUGYOKU-SHU
16/04/1191,15/04/2000,GYOKUYO
29/04/1194,28/04/2000,NAKASUKEOKI
19/04/1199,18/04/2000,INOKUMA-KAMPAKUKI
13/04/1200,13/04/2000,INOKUMA-KAMPAKUKI
06/04/1201,05/04/2000,INOKUMA-KAMPAKUKI
16/04/1202,15/04/2000,MEIGETSUKI
15/04/1203,14/04/2000,(SHIRYO-SORAN)
19/04/1204,19/04/2000,MEIGETSUKI
15/04/1205,14/04/2000,MEIGETSUKI
14/04/1207,13/04/2000,MEIGETSUKI
22/04/1210,21/04/2000,ASUKAI-SHU
07/04/1212,07/04/2000,GYOKUSOU
17/04/1213,16/04/2000,SHIKIN-WAKASO
12/04/1214,11/04/2000,(SHIRYO-SORAN)
18/04/1215,17/04/2000,MICHIIEKO-MARINIKKI
10/04/1216,10/04/2000,JUNTOKUIN-GYOSHU
11/04/1219,10/04/2000,JUNTOKUIN-GYOSHU
18/04/1220,18/04/2000,EST-from-KJ(NORIMUNE-SHU)
09/04/1221,08/04/2000,SHUI-GUSO
26/04/1223,25/04/2000,MITSUTSUNE-SHU
15/04/1225,14/04/2000,MEIGETSUKI
16/04/1226,15/04/2000,MEIGETSUKI
21/04/1227,20/04/2000,MEIGETSUKI
07/04/1229,06/04/2000,MEIGETSUKI
12/04/1230,11/04/2000,MEIGETSUKI
11/04/1231,10/04/2000,MINKEIKI
01/04/1232,01/04/2000,MINKEIKI
15/04/1233,14/04/2000,MEIGETSUKI
20/04/1235,19/04/2000,MEIGETSUKI
27/03/1236,27/03/2000,SHIIBA-WAKASHU
15/04/1240,15/04/2000,SAMPOIN-MONJO
17/04/1244,17/04/2000,HEIKOKI
18/04/1245,17/04/2000,HEIKOKI
08/04/1246,07/04/2000,MASUKAGAMI
16/04/1247,15/04/2000,ZOKU-HONCHOTSUKAN
18/04/1249,17/04/2000,BENN-NO-NAISHI-NIKKI
26/04/1250,25/04/2000,BENN-NO-NAISHI-NIKKI
10/04/1251,09/04/2000,BENN-NO-NAISHI-NIKKI
20/04/1254,19/04/2000,SAKURAE-RUIJU
04/04/1257,03/04/2000,TSUNETOSHI-KYOKI
06/04/1259,05/04/2000,MASUKAGAMI
07/04/1262,06/04/2000,EST-from-KJ(KUJOKE-REKISEI-KIROKU)
30/04/1263,29/04/2000,ZOKU-HONCHOTSUKAN
12/04/1264,12/04/2000,ZOKU-SHIGUSHO
08/04/1265,07/04/2000,TAMEIE-SHU
15/04/1267,14/04/2000,MISININ-KAMPAKUKI
12/04/1268,12/04/2000,TAMEIE-SHU
10/04/1269,09/04/2000,ZOKU-SHIGUSHO
10/04/1271,09/04/2000,DAINAGON-TAMEIE-SHU
17/04/1275,16/04/2000,TOWAZUGATARI
23/04/1278,22/04/2000,ZOKU-SHIGUSHO(DAIGO)
11/04/1279,10/04/2000,KANCHUKI
11/04/1280,11/04/2000,HARUNO-MIYAMAJI
13/04/1283,12/04/2000,(SHIRYO-SORAN)
11/04/1284,11/04/2000,NAKANOTSUKASA-NIKKI
15/04/1285,14/04/2000,ZOKU-HONCHOTSUKAN
22/04/1286,21/04/2000,ZOKU-SHIGUSHO
20/04/1287,19/04/2000,SANEMI-KYOKI
17/04/1288,17/04/2000,NAKANOTSUKASA-NIKKI
17/04/1289,16/04/2000,NAKANOTSUKASA-NIKKI
16/04/1292,16/04/2000,SANEMI-KYOKI
11/04/1294,10/04/2000,KANCHUKI
12/04/1295,11/04/2000,(DAINIHON-SHIRYO)
05/04/1301,04/04/2000,SANEMI-KYOKI
06/04/1302,05/04/2000,ZOKU-SHIGUSHO
14/04/1307,13/04/2000,ZOKU-SHIGUSHO
04/04/1311,03/04/2000,ENTAIRYAKU
09/04/1312,09/04/2000,HANAZONOTENNO-SHINKI
11/04/1314,10/04/2000,HANAZONOTENNO-SHINKI
21/04/1315,20/04/2000,ZOKU-SHIGUSHO
12/04/1316,12/04/2000,ZOKU-SHIGUSHO
12/04/1317,11/04/2000,HANAZONOTENNO-SHINKI
26/04/1319,25/04/2000,HANAZONOTENNO-SHINKI
12/04/1321,11/04/2000,HANAZONOTENNO-SHINKI
16/04/1322,15/04/2000,HANAZONOTENNO-SHINKI
04/05/1323,03/05/2000,HANAZONOTENNO-SHINKI
07/04/1324,07/04/2000,HANAZONOTENNO-SHINKI
17/04/1326,16/04/2000,ZOKU-SHIGUSHO
22/04/1329,21/04/2000,EST-from-KJ(SHOKA-WAKASHU)
18/04/1330,17/04/2000,RINEI-WAKASHU
22/04/1331,21/04/2000,ZOKU-SHIGUSHO
24/04/1332,24/04/2000,ZOKU-HONCHOTSUKAN
20/04/1342,19/04/2000,MICHIFUYU-KYOKI
11/04/1344,11/04/2000,ZOKU-SHIGUSHO
17/04/1346,16/04/2000,ENTAIRYAKU
19/04/1347,18/04/2000,MOROMORIKI
22/04/1349,21/04/2000,ZOKU-SHIGUSHO
11/04/1350,10/04/2000,(SHIRYO-SORAN)
25/04/1351,24/04/2000,(SHIRYO-SORAN)
26/04/1356,26/04/2000,MOROMORIKI
17/04/1357,16/04/2000,ENTAIRYAKU
20/04/1358,19/04/2000,GUKANKI
15/04/1359,14/04/2000,GUKANKI
10/04/1360,10/04/2000,GUKANKI
18/04/1361,17/04/2000,GUKANKI
17/04/1363,16/04/2000,MOROMORIKI
19/04/1364,19/04/2000,MOROMORIKI
22/04/1366,21/04/2000,ZOKU-HONCHOTSUKAN
07/04/1367,06/04/2000,GUKANKI
28/03/1368,28/03/2000,GUKANKI
04/04/1369,03/04/2000,GOGUMAISHO
19/04/1370,18/04/2000,GOGUMAISHO
11/04/1372,11/04/2000,EST-from-WF(GUKANKI)
20/04/1373,19/04/2000,GUKANKI
13/04/1375,12/04/2000,GUKANKI
08/04/1376,08/04/2000,GUKANKI
15/04/1377,14/04/2000,KUJO-TADAMOTO-NIKKI
14/04/1378,13/04/2000,(SHIRYO-SORAN)
13/04/1379,12/04/2000,GUKANKI
11/04/1380,11/04/2000,EST-from-WF(ZOKU-SHIGUSHO)
18/04/1381,17/04/2000,EITOKU-GANNEN-GYOKO-SHIIKA
15/04/1382,14/04/2000,KUGE-NICHIYO-KUFU-RYAKUSHU
12/04/1383,11/04/2000,KUGE-NICHIYO-KUFU-RYAKUSHU
07/04/1384,07/04/2000,KUGE-NICHIYO-KUFU-RYAKUSHU
09/04/1385,08/04/2000,ATOKAGAMI
15/04/1386,14/04/2000,ATOKAGAMI
10/04/1387,09/04/2000,SANEFUYU-KOKI
08/04/1388,08/04/2000,KANENOBU-KOKI
16/04/1398,15/04/2000,GEIYOKI
11/04/1401,10/04/2000,ATOKAGAMI
13/04/1402,12/04/2000,YOSHIDAKE-HINAMIKI
14/04/1403,13/04/2000,YOSHIDAKE-HINAMIKI
12/04/1406,11/04/2000,(SHIRYO-SORAN)
11/04/1407,10/04/2000,(SHIRYO-SORAN)
20/04/1408,20/04/2000,ZOKU-HONCHOTSUKAN
27/03/1409,26/03/2000,(DAINIHON-SHIRYO)
12/04/1410,11/04/2000,NORITOKI-KYOKI
02/04/1412,02/04/2000,(DAINIHON-SHIRYO)
01/04/1413,31/03/2000,ATOKAGAMI
15/04/1415,14/04/2000,(DAINIHON-SHIRYO)
10/04/1416,10/04/2000,KANMON-GYOKI(FUSHIMI)
19/04/1417,18/04/2000,(DAINIHON-SHIRYO)
08/04/1418,07/04/2000,KANMON-GYOKI
10/04/1419,09/04/2000,KANMON-GYOKI(FUSHIMI)
21/04/1420,21/04/2000,KANMON-GYOKI(FUSHIMI)
09/04/1421,08/04/2000,KANMON-GYOKI(FUSHIMI)
19/04/1422,18/04/2000,YASUTOMIKI
06/04/1423,05/04/2000,KANMON-GYOKI(FUSHIMI)
12/04/1424,12/04/2000,KANMON-GYOKI(FUSHIMI)
08/04/1425,07/04/2000,KANMON-GYOKI(FUSHIMI)
09/04/1426,08/04/2000,MANZAIJUNGO-NIKKI(DAIGO)
12/04/1427,11/04/2000,MANZAIJUNGO-NIKKI(DAIGO)
08/04/1429,07/04/2000,MANZAIJUNGO-NIKKI(DAIGO)
18/04/1430,17/04/2000,MANZAIJUNGO-NIKKI(DAIGO)
12/04/1431,11/04/2000,MANZAIJUNGO-NIKKI(DAIGO)
13/04/1432,13/04/2000,MANZAIJUNGO-NIKKI(DAIGO)
08/04/1433,07/04/2000,MANZAIJUNGO-NIKKI(DAIGO)
23/04/1434,22/04/2000,MANZAIJUNGO-NIKKI(DAIGO)
05/04/1435,04/04/2000,KANMON-GYOKI(FUSHIMI)
10/04/1436,10/04/2000,KANMON-GYOKI(FUSHIMI)
13/04/1437,12/04/2000,KANMON-GYOKI
09/04/1438,08/04/2000,INRYOGEN-NICHIROKU
11/04/1439,10/04/2000,INRYOGEN-NICHIROKU
07/04/1440,07/04/2000,MOROSATOKI
15/04/1441,14/04/2000,INRYOGEN-NICHIROKU
17/04/1443,16/04/2000,KANMON-GYOKI
18/04/1444,18/04/2000,YASUTOMIKI
18/04/1446,17/04/2000,GYOUKO-HOIN-NIKKI
21/04/1447,20/04/2000,SOKONSHU
05/04/1448,05/04/2000,YASUTOMIKI
05/04/1449,04/04/2000,ZOKU-HONCHOTSUKAN
10/04/1450,09/04/2000,YASUTOMIKI
13/04/1451,12/04/2000,YASUTOMIKI
01/04/1452,01/04/2000,ZOKU-SHIGUSHO
17/04/1453,16/04/2000,SOKONSHU
15/04/1454,14/04/2000,SOKONSHU
06/04/1455,05/04/2000,GAUN-NIKKENROKU-BATSUYU
15/04/1456,15/04/2000,MOROSATOKI
15/04/1457,14/04/2000,ZOKU-HONCHOTSUKAN
22/04/1458,21/04/2000,INRYOGEN-NICHIROKU
23/04/1459,22/04/2000,INRYOGEN-NICHIROKU
20/04/1460,20/04/2000,INRYOGEN-NICHIROKU
16/04/1461,15/04/2000,INRYOGEN-NICHIROKU
16/04/1462,15/04/2000,INRYOGEN-NICHIROKU
11/04/1463,10/04/2000,INRYOGEN-NICHIROKU
13/04/1464,13/04/2000,INRYOGEN-NICHIROKU
08/04/1465,07/04/2000,INRYOGEN-NICHIROKU
15/04/1466,14/04/2000,INRYOGEN-NICHIROKU
11/04/1467,10/04/2000,EST-from-WF(GOHOKOINKI)
10/04/1468,10/04/2000,HEKIZAN-NICHIROKU
23/04/1472,23/04/2000,CHIKANAGA-KYOKI
08/04/1474,07/04/2000,ENROKUCHOKASHU
09/04/1476,09/04/2000,SANETAKA-KOKI
20/04/1477,19/04/2000,OYUDONONO-UENO-NIKKI
25/04/1478,24/04/2000,SANETAKA-KOKI
20/04/1479,19/04/2000,SANETAKA-KOKI
13/04/1480,13/04/2000,OYUDONONO-UENO-NIKKI [EDA]
16/04/1481,15/04/2000,SANETAKA-KOKI
18/04/1482,17/04/2000,OYUDONONO-UENO-NIKKI
11/04/1483,10/04/2000,OYUDONONO-UENO-NIKKI
06/04/1484,06/04/2000,OYUDONONO-UENO-NIKKI
04/04/1485,03/04/2000,OYUDONONO-UENO-NIKKI
09/04/1486,08/04/2000,OYUDONONO-UENO-NIKKI
03/04/1487,02/04/2000,SANETAKA-KOKI
12/04/1488,12/04/2000,OYUDONONO-UENO-NIKKI
10/04/1489,09/04/2000,(SHIRYO-SHORAN)
07/04/1490,06/04/2000,INRYOGEN-NICHIROKU
17/04/1491,16/04/2000,SANETAKA-KOKI
17/04/1492,17/04/2000,OYUDONONO-UENO-NIKKI
10/04/1493,09/04/2000,OYUDONONO-UENO-NIKKI
16/04/1494,15/04/2000,OYUDONONO-UENO-NIKKI
04/04/1495,03/04/2000,OYUDONONO-UENO-NIKKI
06/04/1496,06/04/2000,OYUDONONO-UENO-NIKKI
18/04/1497,17/04/2000,CHIKANAGA-KYOKI
07/04/1498,06/04/2000,OYUDONONO-UENO-NIKKI
21/04/1499,20/04/2000,OYUDONONO-UENO-NIKKI
07/04/1500,06/04/2000,OYUDONONO-UENO-NIKKI
13/04/1501,12/04/2000,SANETAKA-KOKI
25/04/1502,24/04/2000,NOBUTANE-KYOKI
18/04/1503,17/04/2000,SANETAKA-KOKI
23/04/1504,23/04/2000,SANETAKA-KOKI
16/04/1505,15/04/2000,NISUIKI
16/04/1506,15/04/2000,MOTONAGA-KYOKI
18/04/1507,17/04/2000,MOTONAGA-KYOKI
20/04/1508,20/04/2000,SANETAKA-KOKI
12/04/1509,11/04/2000,SANETAKA-KOKI
20/04/1510,19/04/2000,SANETAKA-KOKI
21/04/1511,20/04/2000,SANETAKA-KOKI
18/04/1512,18/04/2000,SANETAKA-KOKI
20/04/1513,19/04/2000,SANETAKA-KOKI
15/04/1514,14/04/2000,MORIMITSU-KOKI
21/04/1515,20/04/2000,SAISHOSO
13/04/1516,13/04/2000,SAISHOSO
16/04/1517,15/04/2000,NISUIKI
25/04/1518,24/04/2000,NISUIKI
21/04/1519,20/04/2000,NISUIKI
14/04/1520,14/04/2000,NISUIKI
17/04/1521,16/04/2000,NISUIKI
13/04/1522,12/04/2000,NISUIKI
19/04/1523,18/04/2000,SANETAKA-KOKI
18/04/1524,18/04/2000,SANETAKA-KOKI
14/04/1525,13/04/2000,NISUIKI
23/04/1526,22/04/2000,NISUIKI
15/04/1527,14/04/2000,NISUIKI
15/04/1528,15/04/2000,NISUIKI
17/04/1529,16/04/2000,SANETAKA-KOKI
17/04/1530,16/04/2000,NISUIKI
13/04/1531,12/04/2000,NISUIKI
17/04/1532,17/04/2000,SANETAKA-KOKI
21/04/1533,20/04/2000,OYUDONONO-UENO-NIKKI [EDA]
18/04/1534,17/04/2000,GONARAIN-GYOSEI-BASSHO
05/04/1535,04/04/2000,GONARAIN-SHINNKI
17/04/1536,17/04/2000,OYUDONONO-UENO-NIKKI [EDA]
18/04/1537,17/04/2000,OYUDONONO-UENO-NIKKI [EDA]
22/04/1538,21/04/2000,NINAGAWA-CHIKATOSHI-NIKKI
30/04/1539,29/04/2000,OYUDONONO-UENO-NIKKI [EDA]
01/05/1540,01/05/2000,OYUDONONO-UENO-NIKKI [EDA]
19/04/1541,18/04/2000,OYUDONONO-UENO-NIKKI [EDA]
12/04/1542,11/04/2000,TOKITSUGU-KYOKI
29/04/1543,28/04/2000,OYUDONONO-UENO-NIKKI [EDA]
16/04/1544,16/04/2000,TOKITSUGU-KYOKI
07/04/1545,06/04/2000,OYUDONONO-UENO-NIKKI [EDA]
22/04/1546,21/04/2000,TOKITSUGU-KYOKI
14/04/1547,13/04/2000,OYUDONONO-UENO-NIKKI [EDA]
27/04/1548,27/04/2000,TOKITSUGU-KYOKI
27/04/1549,26/04/2000,(SHIRYO-SORAN)
21/04/1550,20/04/2000,TOKITSUGU-KYOKI
19/04/1551,18/04/2000,OYUDONONO-UENO-NIKKI [EDA]
13/04/1552,13/04/2000,TOKITSUGU-KYOKI
29/04/1553,28/04/2000,OYUDONONO-UENO-NIKKI [EDA]
11/04/1555,10/04/2000,OYUDONONO-UENO-NIKKI
29/04/1556,29/04/2000,OYUDONONO-UENO-NIKKI [EDA]
03/04/1557,02/04/2000,TOKITSUGU-KYOKI
21/04/1558,20/04/2000,OYUDONONO-UENO-NIKKI [EDA]
06/04/1559,05/04/2000,OYUDONONO-UENO-NIKKI
09/04/1560,09/04/2000,DAINIHON-SHIRYO
12/04/1561,11/04/2000,OYUDONONO-UENO-NIKKI
09/04/1562,08/04/2000,OYUDONONO-UENO-NIKKI [EDA]
09/04/1563,08/04/2000,(SHIRYO-SORAN)
18/04/1564,18/04/2000,OYUDONONO-UENO-NIKKI
24/04/1565,23/04/2000,(SHIRYO-SORAN)
07/04/1566,06/04/2000,(SHIRYO-SORAN)
18/04/1567,17/04/2000,OYUDONONO-UENO-NIKKI
15/04/1568,15/04/2000,ATOKAGAMI
22/04/1570,21/04/2000,TOKITSUGU-KYOKI
18/04/1571,17/04/2000,OYUDONONO-UENO-NIKKI [EDA]
16/04/1572,16/04/2000,OYUDONONO-UENO-NIKKI [EDA]
08/04/1574,07/04/2000,EST-from-WF(MASAATSUKYO-EISO)
18/04/1576,18/04/2000,OYUDONONO-UENO-NIKKI [EDA]
10/04/1577,09/04/2000,SHINCHO-KOKI
12/04/1579,11/04/2000,DAINIHON-SHIRYO
06/04/1580,06/04/2000,DAINIHON-SHIRYO
15/04/1581,14/04/2000,OYUDONONO-UENO-NIKKI [EDA]
18/04/1583,17/04/2000,OYUDONONO-UENO-NIKKI
15/04/1584,15/04/2000,SHUNKYUKI(DAIGO)
15/04/1585,14/04/2000,UNONOMONDOKI
16/04/1586,15/04/2000,OYUDONONO-UENO-NIKKI
15/04/1587,14/04/2000,OYUDONONO-UENO-NIKKI
15/04/1588,15/04/2000,
15/04/1589,14/04/2000,OYUDONONO-UENO-NIKKI
12/04/1590,11/04/2000,(SHIRYO-SORAN)
04/04/1591,03/04/2000,HARETOYOKI
07/04/1592,07/04/2000,TOKITSUNE-KYOKI
23/04/1593,22/04/2000,TOKITSUNE-KYOKI(DAIGO)
03/04/1594,02/04/2000,(DAINIHON-SHIRYO(FUSHIMI))
21/04/1595,20/04/2000,OYUDONONO-UENO-NIKKI
13/04/1596,13/04/2000,GIENJUNKO-NIKKI(DAIGO)
24/04/1597,23/04/2000,GIENJUNKO-NIKKI(DAIGO)
20/04/1598,19/04/2000,GIENJUNKO-NIKKI(DAIGO)
13/04/1599,12/04/2000,GIENJUNKO-NIKKI(DAIGO)
10/04/1600,10/04/2000,GIENJUNKO-NIKKI(DAIGO)
03/04/1601,02/04/2000,GIENJUNKO-NIKKI(DAIGO)
17/04/1602,16/04/2000,GIENJUNKO-NIKKI(DAIGO)
09/04/1603,08/04/2000,GIENJUNKO-NIKKI(DAIGO)
04/04/1604,04/04/2000,GIENJUNKO-NIKKI(DAIGO)
15/04/1605,14/04/2000,TOKIYOSHI-KYOKI
16/04/1606,15/04/2000,TOKIYOSHI-KYOKI
20/04/1607,19/04/2000,SHUNKYUKI(DAIGO)
18/04/1609,17/04/2000,TOKIYOSHI-KYOKI
20/04/1610,19/04/2000,KEICHO-NIKKENROKU
27/03/1612,27/03/2000,GIENJUNKO-NIKKI(DAIGO)
16/04/1613,15/04/2000,TOKIYOSHI-KYOKI
13/04/1614,12/04/2000,TOKIYOSHI-KYOKI
20/04/1615,19/04/2000,YASUSHIGE-KYOKI
01/05/1616,01/05/2000,YASUSHIGE-KYOKI
17/04/1617,16/04/2000,YASUSHIGE-KYOKI
12/04/1618,11/04/2000,TOKIYOSHI-KYOKI
03/04/1619,02/04/2000,(DAINIHON-SHIRYO)
19/04/1621,18/04/2000,(DAINIHON-SHIRYO)
16/04/1622,15/04/2000,RYOGEN-IN-KI
23/04/1623,22/04/2000,YASUSHIGE-KYOKI
21/04/1624,21/04/2000,YASUSHIGE-KYOKI
05/04/1625,04/04/2000,OYUDONONO-UENO-NIKKI
10/04/1626,09/04/2000,(SHIRYO-SORAN)
13/04/1628,13/04/2000,ROKUON-NICHIROKU
22/04/1629,21/04/2000,YASUSHIGE-KYOKI
13/04/1632,13/04/2000,TOKIYOSHI-KYOKI
08/04/1633,07/04/2000,OUCHI-NIKKI
06/04/1634,05/04/2000,MICHIFUSA-KOKI
07/04/1635,06/04/2000,(SHIRYO-SORAN)
15/04/1637,14/04/2000,TOKIYOSHI-KYOKI
15/04/1638,14/04/2000,KAKUMEIKI
18/04/1639,17/04/2000,KAKUMEIKI
12/04/1640,12/04/2000,KYOHAKUSHU
27/04/1641,26/04/2000,HIRAMATSUKE-HINAMI-SHIKI
24/04/1642,23/04/2000,HIRAMATSUKE-HINAMI-SHIKI
24/04/1643,23/04/2000,KAKUMEIKI
14/04/1644,14/04/2000,HIRAMATSU-TOKIMORIKI
09/04/1645,08/04/2000,HIRAMATSU-TOKIMORIKI
28/03/1646,27/03/2000,SHOHO-2-NEN-IKO-NIKKI
22/04/1647,21/04/2000,KAKUMEIKI
14/04/1649,13/04/2000,KAKUMEIKI
12/04/1650,11/04/2000,KAKUMEIKI
17/04/1651,16/04/2000,ZOKU-SHIGUSHO
16/04/1652,16/04/2000,KAKUMEIKI
22/04/1653,21/04/2000,KAKUMEIKI
14/04/1654,13/04/2000,KAKUMEIKI
14/04/1655,13/04/2000,ISHIKAWA-NIKKI
12/04/1656,12/04/2000,ISHIKAWA-NIKKI
18/04/1658,17/04/2000,KAKUMEIKI
20/04/1660,20/04/2000,KAKUMEIKI
03/04/1661,02/04/2000,BURUI-GENYO-WAKASHU
20/04/1662,19/04/2000,KAKUMEIKI
15/04/1663,14/04/2000,KAKUMEIKI
14/04/1664,14/04/2000,KAKUMEIKI
22/04/1665,21/04/2000,KAKUMEIKI
18/04/1666,17/04/2000,KIMITOSHI-KYOKI
22/04/1667,21/04/2000,HAMURO-YORINARI-KI
19/04/1668,19/04/2000,GYOJO-HOSSINNO-NIKKI [TOYOKUNI]
14/04/1669,13/04/2000,HAMURO-YORINARI-KI
12/04/1670,11/04/2000,GYOJO-HOSSINNO-NIKKI
26/04/1671,25/04/2000,GYOJO-HOSSINNO-NIKKI [KINDAI]
21/04/1672,21/04/2000,GYOJO-HOSSINNO-NIKKI [SEIRYODEN]
15/04/1673,14/04/2000,MUJOHOINDONO-GONIKKI
25/04/1674,24/04/2000,GYOJO-HOSSINNO-NIKKI
21/04/1675,20/04/2000,GYOJO-HOSSINNO-NIKKI [TOJI]
12/04/1676,12/04/2000,GYOJO-HOSSINNO-NIKKI
06/04/1677,05/04/2000,MUJOHOINDONO-GONIKKI
19/04/1678,18/04/2000,GYOJO-HOSSINNO-NIKKI [HIGASHI-IWAKURA]
24/04/1679,23/04/2000,MUJOHOINDONO-GONIKKI
18/04/1680,18/04/2000,GYOJO-HOSSINNO-NIKKI [KIYOMIZU-CHIONIN]
20/04/1681,19/04/2000,OYUDONONO-UENO-NIKKI [EDA]
14/04/1682,13/04/2000,GYOJO-HOSSINNO-NIKKI [HIGASHIYAMA]
18/04/1683,17/04/2000,ITO-JINSAI-NIKKI
27/04/1684,27/04/2000,GYOJO-HOSSINNO-NIKKI [HIGASHIYAMA]
16/04/1685,15/04/2000,OYUDONONO-UENO-NIKKI [EDA]
14/04/1686,13/04/2000,GYOJO-HOSSINNO-NIKKI
14/04/1687,13/04/2000,GYOJO-HOSSINNO-NIKKI [HIGASHIYAMA]
23/04/1688,23/04/2000,GYOJO-HOSSINNO-NIKKI
07/04/1689,06/04/2000,GYOJO-HOSSINNO-NIKKI [KOSAKATEI]
03/04/1690,02/04/2000,GYOJO-HOSSINNO-NIKKI [KOSAKATEI]
13/04/1691,12/04/2000,GYOJO-HOSSINNO-NIKKI [HIGASHIYAMA]
18/04/1692,18/04/2000,GYOJO-HOSSINNO-NIKKI [CHIONIN]
17/04/1693,16/04/2000,GYOJO-HOSSINNO-NIKKI [HIGASHIYAMA]
19/04/1694,18/04/2000,MYOHOIN-HINAMIKI
30/04/1695,29/04/2000,MYOHOIN-HINAMIKI
23/04/1696,23/04/2000,MOTOKAZU-KYOKI
21/04/1697,20/04/2000,SADAMOTO-KYOKI
11/04/1698,10/04/2000,MOTOKAZU-KYOKI
07/04/1699,06/04/2000,MOTOHIRO-KOKI
26/04/1700,25/04/2000,CHIONIN-NICHIKAGAMI
22/04/1701,21/04/2000,MOTOKAZU-KYOKI
26/04/1702,25/04/2000,MOTOHIRO-KOKI
13/04/1703,12/04/2000,MYOHOIN-HINAMIKI
22/04/1704,22/04/2000,MYOHOIN-HINAMIKI
19/04/1705,18/04/2000,MYOHOIN-HINAMIKI
25/04/1706,24/04/2000,KANEKA-KYOKI
21/04/1707,20/04/2000,MYOHOIN-HINAMIKI
12/04/1708,12/04/2000,MOTOHIRO-KOKI
16/04/1709,15/04/2000,MOTOHIRO-KOKI
14/04/1713,13/04/2000,MYOHOIN-HINAMIKI
18/04/1714,17/04/2000,MYOHOIN-HINAMIKI
17/04/1715,16/04/2000,CHIONIN-NICHIKAGAMI
19/04/1716,19/04/2000,MYOHOIN-HINAMIKI
08/04/1717,07/04/2000,MOTOHIRO-KOKI
12/04/1718,11/04/2000,MOTOHIRO-KOKI
12/04/1719,11/04/2000,MOTOHIRO-KOKI
23/04/1720,23/04/2000,NAKANOIN-MICHIEDAKI
05/04/1721,04/04/2000,MOTOHIRO-KOKI
10/04/1722,09/04/2000,MOTOHIRO-KOKI
14/04/1723,13/04/2000,KIMIAKI-KYOKI
08/04/1724,08/04/2000,MYOHOIN-HINAMIKI
16/04/1725,15/04/2000,MOTONAGA-KYOKI
26/04/1726,25/04/2000,KAIKI
22/04/1727,21/04/2000,KAIKI
13/04/1728,13/04/2000,KAIKI
15/04/1729,14/04/2000,MYOHOIN-HINAMIKI
14/04/1731,13/04/2000,MITSUTSUNA-KYOKI
17/04/1732,17/04/2000,GYOKYO-HOSSINNO-NIKKI
17/04/1733,16/04/2000,MYOHOIN-HINAMIKI
12/04/1734,11/04/2000,MYOHOIN-HINAMIKI [ARASHIYAMA]
11/04/1735,10/04/2000,MYOHOIN-HINAMIKI
15/04/1736,15/04/2000,MICHIE-KOKI
03/04/1737,02/04/2000,MYOHOIN-HINAMIKI
11/04/1738,10/04/2000,MYOHOIN-HINAMIKI
20/04/1739,19/04/2000,MICHIE-KOKI
24/04/1740,24/04/2000,MYOHOIN-HINAMIKI
19/04/1741,18/04/2000,MYOHOIN-HINAMIKI
19/04/1742,18/04/2000,MYOHOIN-HINAMIKI
18/04/1743,17/04/2000,MYOHOIN-HINAMIKI
07/04/1744,07/04/2000,MYOHOIN-HINAMIKI
15/04/1745,14/04/2000,MICHIE-KOKI
20/04/1746,19/04/2000,MICHIE-KOKI
11/04/1747,10/04/2000,MICHIE-KOKI
05/04/1748,05/04/2000,MYOHOIN-HINAMIKI
10/04/1749,09/04/2000,MYOHOIN-HINAMIKI
20/04/1750,19/04/2000,MYOHOIN-HINAMIKI
13/04/1751,12/04/2000,NAKANOIN-MICHIEDAKI
19/04/1752,19/04/2000,NAKANOIN-MICHIEDAKI
06/04/1753,05/04/2000,NAKANOIN-MICHIEDAKI
25/04/1754,24/04/2000,SADAYUKI-KYOKI
30/04/1755,29/04/2000,SADAYUKI-KYOKI
18/04/1756,18/04/2000,NORINAGA-ZAIKYO-NIKKI
22/04/1757,21/04/2000,MYOHOIN-HINAMIKI
11/04/1758,10/04/2000,MYOHOIN-HINAMIKI
19/04/1759,18/04/2000,MYOHOIN-HINAMIKI
12/04/1760,12/04/2000,MYOHOIN-HINAMIKI
30/03/1761,29/03/2000,MYOHOIN-HINAMIKI
16/04/1762,15/04/2000,MYOHOIN-HINAMIKI
22/04/1763,21/04/2000,MYOHOIN-HINAMIKI
07/04/1764,07/04/2000,GOSAKURAMACHI-TENNNOU-SHINKI
16/04/1765,15/04/2000,GOSAKURAMACHI-TENNNOU-SHINKI
23/04/1766,22/04/2000,GOSAKURAMACHI-TENNNOU-SHINKI
11/04/1767,10/04/2000,GOSAKURAMACHI-TENNNOU-SHINKI
26/04/1768,26/04/2000,SADAHARU-KYOKI
15/04/1769,14/04/2000,YANAGIHARA-KOREMITSU-NIKKI
15/04/1770,14/04/2000,(SHIRYO-KOHON)
14/04/1771,13/04/2000,(SHIRYO-KOHON)
15/04/1772,15/04/2000,GOSAKURAMACHI-TENNNOU-SHINKI
10/04/1773,09/04/2000,ZOKU-SHIGUSHO
20/04/1774,19/04/2000,GOSAKURAMACHI-TENNNOU-SHINKI
09/04/1775,08/04/2000,GOMOMOZONO-TENNNOU-SHINKI
17/04/1776,17/04/2000,TERUYOSHI-KOKI
14/04/1777,13/04/2000,MORIYAMA-TAKAMORI-NIKKI
21/04/1778,20/04/2000,TERUYOSHI-KOKI
06/04/1779,05/04/2000,MYOHOIN-HINAMIKI
18/04/1780,18/04/2000,TERUYOSHI-KOKI
01/04/1781,31/03/2000,MYOHOIN-HINAMIKI
19/04/1782,18/04/2000,TERUYOSHI-KOKI
13/04/1783,12/04/2000,SUGIURAKE-NIKKI
14/04/1784,14/04/2000,SUGIURAKE-NIKKI
18/04/1785,17/04/2000,SUGIURAKE-NIKKI
16/04/1786,15/04/2000,SUGIURAKE-NIKKI
15/04/1787,14/04/2000,SUGIURAKE-NIKKI
18/04/1788,18/04/2000,TERUYOSHI-KOKI
16/04/1789,15/04/2000,KOUKANSIYU-NIKKI
29/04/1790,28/04/2000,SUGIURAKE-NIKKI
09/04/1791,08/04/2000,SUGIURAKE-NIKKI
10/04/1792,10/04/2000,TERUYOSHI-KOKI
16/04/1793,15/04/2000,TERUYOSHI-KOKI
14/04/1794,13/04/2000,SUGIURAKE-NIKKI
23/04/1795,22/04/2000,TERUYOSHI-KOKI
12/04/1796,12/04/2000,SUGIURAKE-NIKKI
07/04/1797,06/04/2000,TADAYOSHI-KOKI
20/04/1798,19/04/2000,SUGIURAKE-NIKKI
13/04/1799,12/04/2000,SUGIURAKE-NIKKI
13/04/1800,12/04/2000,SUGIURAKE-NIKKI
29-Mar-90,28/03/2000,NEWS-PAPER(ARASHIYAMA)
02-Apr-59,01/04/2000,NEWS-PAPER(ARASHIYAMA)
03-Apr-77,02/04/2000,NEWS-PAPER(ARASHIYAMA)
03-Apr-82,02/04/2000,NEWS-PAPER(ARASHIYAMA)
03-Apr-89,02/04/2000,NEWS-PAPER(ARASHIYAMA)
04-Apr-60,04/04/2000,NEWS-PAPER(ARASHIYAMA)
05-Apr-87,04/04/2000,NEWS-PAPER(ARASHIYAMA)
07-Apr-55,06/04/2000,NEWS-PAPER(ARASHIYAMA)
07-Apr-66,06/04/2000,NEWS-PAPER(ARASHIYAMA)
07-Apr-67,06/04/2000,NEWS-PAPER(ARASHIYAMA)
07-Apr-73,06/04/2000,NEWS-PAPER(ARASHIYAMA)
07-Apr-79,06/04/2000,NEWS-PAPER(ARASHIYAMA)
08-Apr-54,07/04/2000,NEWS-PAPER(ARASHIYAMA)
08-Apr-71,07/04/2000,NEWS-PAPER(ARASHIYAMA)
08-Apr-56,08/04/2000,NEWS-PAPER(ARASHIYAMA)
08-Apr-64,08/04/2000,NEWS-PAPER(ARASHIYAMA)
08-Apr-68,08/04/2000,NEWS-PAPER(ARASHIYAMA)
08-Apr-72,08/04/2000,NEWS-PAPER(ARASHIYAMA)
08-Apr-76,08/04/2000,NEWS-PAPER(ARASHIYAMA)
09-Apr-58,08/04/2000,NEWS-PAPER(ARASHIYAMA)
09-Apr-61,08/04/2000,NEWS-PAPER(ARASHIYAMA)
09-Apr-74,08/04/2000,NEWS-PAPER(ARASHIYAMA)
09-Apr-81,08/04/2000,NEWS-PAPER(ARASHIYAMA)
09-Apr-83,08/04/2000,NEWS-PAPER(ARASHIYAMA)
09-Apr-85,08/04/2000,NEWS-PAPER(ARASHIYAMA)
10-Apr-75,09/04/2000,NEWS-PAPER(ARASHIYAMA)
11-Apr-53,10/04/2000,NEWS-PAPER(ARASHIYAMA)
11-Apr-63,10/04/2000,NEWS-PAPER(ARASHIYAMA)
11-Apr-69,10/04/2000,NEWS-PAPER(ARASHIYAMA)
11-Apr-80,11/04/2000,NEWS-PAPER(ARASHIYAMA)
12-Apr-62,11/04/2000,NEWS-PAPER(ARASHIYAMA)
12-Apr-86,11/04/2000,NEWS-PAPER(ARASHIYAMA)
12-Apr-35,11/04/2000,NHK(ARASHIYAMA)
13-Apr-57,12/04/2000,NEWS-PAPER(ARASHIYAMA)
14-Apr-78,13/04/2000,NEWS-PAPER(ARASHIYAMA)
14-Apr-52,14/04/2000,NEWS-PAPER(ARASHIYAMA)
15-Apr-88,15/04/2000,NEWS-PAPER(ARASHIYAMA)
16-Apr-33,15/04/2000,NEWS-PAPER(ARASHIYAMA)
17-Apr-70,16/04/2000,NEWS-PAPER(ARASHIYAMA)
18-Apr-84,18/04/2000,NEWS-PAPER(ARASHIYAMA)
20-Apr-65,19/04/2000,NEWS-PAPER(ARASHIYAMA)
20-Apr-36,20/04/2000,NHK(ARASHIYAMA)
01-Apr-98,31/03/2000,NEWS-PAPER(ARASHIYAMA)
01-Apr-02,31/03/2000,NEWS-PAPER(ARASHIYAMA)
01-Apr-04,01/04/2000,NEWS-PAPER(ARASHIYAMA)
03-Apr-92,03/04/2000,NEWS-PAPER(ARASHIYAMA)
04-Apr-99,03/04/2000,NEWS-PAPER(ARASHIYAMA)
05-Apr-30,04/04/2000,SHIN-KEIHAN RAILWAY ADV(ARASHIYAMA)
06-Apr-01,05/04/2000,NEWS-PAPER(ARASHIYAMA)
07-Apr-23,06/04/2000,NEWS-PAPER(ARASHIYAMA)
07-Apr-46,06/04/2000,NEWS-PAPER(ARASHIYAMA)
07-Apr-91,06/04/2000,NEWS-PAPER(ARASHIYAMA)
07-Apr-93,06/04/2000,NEWS-PAPER(ARASHIYAMA)
07-Apr-97,06/04/2000,NEWS-PAPER(ARASHIYAMA)
08-Apr-11,07/04/2000,ARASHIYAMA-TETSUDO ADV(ARASHIYAMA)
08-Apr-38,07/04/2000,KEIHAN RAILWAY ADV(ARASHIYAMA)
08-Apr-02,07/04/2000,KYOTO-TETUDO-KANRIKYOKU ADV(ARASHIYAMA)
08/04/1894,07/04/2000,NEWS-PAPER(ARASHIYAMA)
08-Apr-51,07/04/2000,NEWS-PAPER(ARASHIYAMA)
08-Apr-03,07/04/2000,NEWS-PAPER(ARASHIYAMA)
08/04/1890,07/04/2000,UEKI-SHISEI-NIKKI
09/04/1891,08/04/2000,NEWS-PAPER(ARASHIYAMA)
09/04/1899,08/04/2000,NEWS-PAPER(ARASHIYAMA)
09-Apr-03,08/04/2000,NEWS-PAPER(ARASHIYAMA)
09-Apr-94,08/04/2000,NEWS-PAPER(ARASHIYAMA)
09-Apr-95,08/04/2000,NEWS-PAPER(ARASHIYAMA)
09-Apr-05,08/04/2000,NEWS-PAPER(ARASHIYAMA)
09-Apr-50,08/04/2000,NEWS-PAPET(DAIGO-JI)
09-Apr-00,09/04/2000,NEWS-PAPER(ARASHIYAMA)
10-Apr-41,09/04/2000,KEIHAN RAILWAY ADV(ARASHIYAMA)
10-Apr-37,09/04/2000,NEWS-PAPER(ARASHIYAMA)
11-Apr-22,10/04/2000,KAJII-MOTOJIRO-SHOKAN
11-Apr-48,11/04/2000,NEWS-PAPER(ARASHIYAMA)
11-Apr-08,11/04/2000,TETUDOUIN AVD(ARASHIYAMA)
12-Apr-14,11/04/2000,KOBE-TETSUDO-KANRIKYOKU ADV(ARASHIYAMA)
12-Apr-00,11/04/2000,NEWS-PAPER(ARASHIYAMA)
12-Apr-01,11/04/2000,NEWS-PAPER(ARASHIYAMA)
12-Apr-15,11/04/2000,NEWS-PAPER(ARASHIYAMA)
12-Apr-96,12/04/2000,NEWS-PAPER(ARASHIYAMA)
13-Apr-07,12/04/2000,KYOTO-TETUDO-KANRIKYOKU ADV(ARASHIYAMA)
13-Apr-17,12/04/2000,NEWS-PAPER(ARASHIYAMA)
13-Apr-13,12/04/2000,SEIBU-TETSUDO-KANRIKYOKU ADV(ARASHIYAMA)
13-Apr-29,12/04/2000,SHIN-KEIHAN RAILWAY ADV(ARASHIYAMA)
13-Apr-20,13/04/2000,NEWS-PAPER(ARASHIYAMA)
14-Apr-39,13/04/2000,KEIHAN RAILWAY ADV(ARASHIYAMA)
14-Apr-34,13/04/2000,NEWS-PAPER(ARASHIYAMA)
14-Apr-18,13/04/2000,SEKI-HAJIME-NIKKI
14-Apr-10,13/04/2000,TETUDOUIN AVD(ARASHIYAMA)
14-Apr-32,14/04/2000,KEIHAN RAILWAY ADV(ARASHIYAMA)
14-Apr-12,14/04/2000,TETUDOUIN AVD(ARASHIYAMA)
15-Apr-06,14/04/2000,KYOTO-TETUDO-KANRIKYOKU ADV(ARASHIYAMA)
15-Apr-05,14/04/2000,NEWS-PAPER(ARASHIYAMA)
15-Apr-31,14/04/2000,NEWS-PAPER(ARASHIYAMA)
15/04/1896,15/04/2000,NEWS-PAPER(ARASHIYAMA)
16/04/1897,15/04/2000,NEWS-PAPER(ARASHIYAMA)
16-Apr-28,16/04/2000,KEIHAN RAILWAY ADV(ARASHIYAMA)
16/04/1888,16/04/2000,NEWS-PAPER(ARASHIYAMA)
17-Apr-27,16/04/2000,KEIHAN RAILWAY ADV(ARASHIYAMA)
17-Apr-47,16/04/2000,NEWS-PAPER(ARASHIYAMA)
17-Apr-49,16/04/2000,NEWS-PAPER(ARASHIYAMA)
17-Apr-04,17/04/2000,NEWS-PAPER(ARASHIYAMA)
18-Apr-25,17/04/2000,KEIHAN RAILWAY ADV(ARASHIYAMA)
18-Apr-26,17/04/2000,KEIHAN RAILWAY ADV(ARASHIYAMA)
18/04/1898,17/04/2000,NEWS-PAPER(ARASHIYAMA)
18-Apr-09,17/04/2000,TETUDOUIN AVD(ARASHIYAMA)
19/04/1889,18/04/2000,NEWS-PAPER(ARASHIYAMA)
19/04/1893,18/04/2000,NEWS-PAPER(ARASHIYAMA)
19-Apr-40,19/04/2000,KEIHAN RAILWAY ADV(ARASHIYAMA)
20-Apr-24,20/04/2000,MITAMURA-ENGYO-NIKKI(ARASHIYAMA)
21-Apr-16,21/04/2000,SEIBU-TETSUDO-KANRIKYOKU ADV(ARASHIYAMA)
24/04/1892,24/04/2000,NEWS-PAPER(ARASHIYAMA)
07-Apr-07,06/04/2000,NEWS-PAPER(ARASHIYAMA)
08-Apr-06,07/04/2000,NEWS-PAPER(ARASHIYAMA)
04-Apr-08,04/04/2000,NEWS-PAPER(ARASHIYAMA)
05-Apr-09,04/04/2000,NEWS-PAPER(ARASHIYAMA)
05-Apr-10,04/04/2000,NEWS-PAPER(ARASHIYAMA)
06-Apr-42,05/04/2000,ASADA-TAKASHI-NIKKI
09-Apr-44,09/04/2000,ASADA-TAKASHI-NIKKI
11-Apr-43,10/04/2000,ASADA-TAKASHI-NIKKI
03-Apr-13,02/04/2000,NEWS-PAPER(ARASHIYAMA)
03-Apr-15,02/04/2000,NEWS-PAPER(ARASHIYAMA)
04-Apr-14,03/04/2000,NEWS-PAPER(ARASHIYAMA)
09-Apr-11,08/04/2000,NEWS-PAPER(ARASHIYAMA)
10-Apr-12,10/04/2000,NEWS-PAPER(ARASHIYAMA)
12/04/1853,11/04/2000,MADENOKOJI-NIKKI
14/04/1864,14/04/2000,MADENOKOJI-NIKKI
17/04/1847,16/04/2000,MADENOKOJI-NIKKI
03/04/1805,02/04/2000,SUGIURAKE-NIKKI
07/04/1882,06/04/2000,SUGIURAKE-NIKKI
07/04/1808,07/04/2000,SUGIURAKE-NIKKI
10/04/1810,09/04/2000,SUGIURAKE-NIKKI
13/04/1804,13/04/2000,SUGIURAKE-NIKKI
14/04/1877,13/04/2000,SUGIURAKE-NIKKI
15/04/1801,14/04/2000,SUGIURAKE-NIKKI
16/04/1819,15/04/2000,RAI-BAISHI-NIKKI
17/04/1809,16/04/2000,SUGIURAKE-NIKKI
17/04/1824,17/04/2000,RAI-BAISHI-NIKKI
19/04/1850,18/04/2000,SUGIURAKE-NIKKI
20/04/1803,19/04/2000,SUGIURAKE-NIKKI
20/04/1811,19/04/2000,SUGIURAKE-NIKKI
22/04/1829,21/04/2000,RAI-BAISHI-NIKKI
22/04/1881,21/04/2000,UEKI-SHISEI-NIKKI
22/04/1832,22/04/2000,GAKUSUI-NIKKI
23/04/1814,22/04/2000,RAI-SANYO-NIPPU
24/04/1806,23/04/2000,SUGIURAKE-NIKKI
26/04/1807,25/04/2000,SUGIURAKE-NIKKI
29/04/1812,29/04/2000,SUGIURAKE-NIKKI
06/04/1802,05/04/2000,SUGIURAKE-NIKKI
10/04/1849,09/04/2000,SANEAKIRA-KYOKI
11/04/1855,10/04/2000,SADANAKA-KYOKI
12/04/1816,12/04/2000,HARU-NO-NISHIKI
16/04/1818,15/04/2000,HIRAMATSUKE-NIKKI
16/04/1843,15/04/2000,SANEAKIRA-KYOKI
18/04/1857,17/04/2000,HANA-NO-SHITABUSHI
20/04/1817,19/04/2000,SADANAKA-KYOKI
21/04/1815,20/04/2000,SADANAKA-KYOKI
21/04/1836,21/04/2000,FUDEMAKASE
22/04/1852,22/04/2000,SADANAKA-KYOKI
07/04/1865,06/04/2000,TAKAGI-ZAICHU-NIKKI
09/04/1870,08/04/2000,TAKAGI-ZAICHU-NIKKI
10/04/1861,09/04/2000,TAKAGI-ZAICHU-NIKKI
14/04/1858,13/04/2000,TAKAGI-ZAICHU-NIKKI
14/04/1871,13/04/2000,TAKAGI-ZAICHU-NIKKI
20/04/1856,20/04/2000,TAKAGI-ZAICHU-NIKKI
12/04/1851,11/04/2000,MADENOKOJI-NIKKI
04/04/1820,04/04/2000,RAI-SANYO-NIPPU
06/04/1842,05/04/2000,KYOJIN-HOSSINNO-NIKKI
10/04/1827,09/04/2000,RAI-BAISHI-NIKKI
11/04/1848,11/04/2000,MIAKE-SHONOSUKE-NIKKI
12/04/1866,11/04/2000,KOMEI-TENNOKI
12/04/1822,11/04/2000,RAI-SANYO-NIPPU
12/04/1879,11/04/2000,SUGIURAKE-NIKKI
12/04/1854,11/04/2000,TAKOYAKUSHI-MACHINIKKI
14/04/1840,14/04/2000,SUGIURAKE-NIKKI
15/04/1830,14/04/2000,RAI-SANYO-NIPPU
16/04/1823,15/04/2000,RAI-SANYO-NIPPU
17/04/1833,16/04/2000,GAKUSUI-NIKKI
17/04/1841,16/04/2000,KYOJIN-HOSSINNO-NIKKI
17/04/1883,16/04/2000,SUGIURAKE-NIKKI
18/04/1886,17/04/2000,SUGIURAKE-NIKKI
18/04/1884,18/04/2000,SUGIURAKE-NIKKI
19/04/1826,18/04/2000,RAI-SANYO-NIPPU
19/04/1838,18/04/2000,SUGIURAKE-NIKKI
19/04/1880,19/04/2000,SUGIURAKE-NIKKI
20/04/1859,19/04/2000,NAKAYAMAISAKO-NIKKI
21/04/1834,20/04/2000,SUGIURAKE-NIKKI
21/04/1837,20/04/2000,SUGIURAKE-NIKKI
22/04/1835,21/04/2000,SUGIURAKE-NIKKI
22/04/1828,22/04/2000,RAI-SANYO-NIPPU
24/04/1831,23/04/2000,RAI-SANYO-NIPPU
27/04/1862,26/04/2000,KOMEI-TENNOKI
30/04/1839,29/04/2000,SUGIURAKE-NIKKI
11/04/1867,10/04/2000,OZAKITADAMASA-NIKKI
12/04/1845,11/04/2000,SANEAKIRA-KYOKI
15/04/1844,15/04/2000,SANEAKIRA-KYOKI
17/04/1813,16/04/2000,SANEHISA-KYOKI
19/04/1887,18/04/2000,NEWS-PAPER(ARASHIYAMA)
19/04/1821,18/04/2000,SANEHISA-KYOKI
23/04/1885,22/04/2000,NEWS-PAPER(ARASHIYAMA)
24/04/1825,23/04/2000,SANEHISA-KYOKI
11/04/1878,10/04/2000,HAYAMIKE-NIKKI
13/04/1875,12/04/2000,HAYAMIKE-NIKKI
13/04/1868,13/04/2000,GAKKAI-NICHIROKU
14/04/1873,13/04/2000,HAYAMIKE-NIKKI
15/04/1869,14/04/2000,TAKAGI-ZAICHU-NIKKI
17/04/1874,16/04/2000,HAYAMIKE-NIKKI
20/04/1876,20/04/2000,HAYAMIKE-NIKKI
22/04/1860,22/04/2000,TAKAGI-ZAICHU-NIKKI
08/04/1846,07/04/2000,TEIEN-EISO
28/04/1863,27/04/2000,YATAKA-SHU
